4,twitter.com
65,latimes.com
68,cbsnews.com
80,venturebeat.com
98,recode.net
152,bostonglobe.com
161,chicagotribune.com
189,sbnation.com
225,elitedaily.com
280,store.google.com
295,nest.com
443,groups.yahoo.com
484,popularmechanics.com
525,vox.com
569,zazzle.com
615,france24.com
666,fodors.com
690,steamcommunity.com
710,ft.com
719,bhphotovideo.com
789,hindustantimes.com
814,globalnews.ca
1120,pbskids.org
1288,bankofamerica.com
1307,cia.gov
1312,timeanddate.com
1326,abc.go.com
1582,opensecrets.org
1602,giantbomb.com
1619,explosm.net
1780,theecologist.org
1804,observers.france24.com
1854,upwork.com
1869,comicbook.com
1883,mongodb.com
1897,webdesign.about.com
1959,news.sky.com
1975,fool.com
2005,arabianbusiness.com
2049,cc.com
2063,universalorlando.com
2074,hightimes.com
2140,marieclaire.co.uk
2161,mademan.com
2239,indonesia.travel
2299,vans.com
2337,christianpost.com
2338,dawn.com
2409,tsn.ca
2427,amc.com
2429,hiphopdx.com
2503,jbs.org
2540,toprankblog.com
2560,finecooking.com
2579,worldofwarcraft.com
2652,wetv.com
2722,web.stagram.com
2754,gilt.com
2785,fee.org
2935,live.nicovideo.jp
2940,shocktillyoudrop.com
3142,techradar.com
3184,forward.com
3203,forever21.com
3411,corporate.comcast.com
3620,1and1.com
3707,sephora.com
3716,chowhound.com
3823,3m.com
3885,vam.ac.uk
3922,hypem.com
3928,krugman.blogs.nytimes.com
3940,rtl.be
3998,speakerdeck.com
4001,canadafreepress.com
4061,odeon.co.uk
4089,ansa.it
4281,bancroft.berkeley.edu
4356,perezhilton.com
4468,nathaliesstudio.com
4520,colgate.edu
4524,deadmau5.com
4527,fim-live.com
4541,mixer.com
4561,theglitchmob.com
4608,heroarts.com
4828,blogs.ei.columbia.edu
4867,transadvocate.com
5001,spirithoods.com
5054,lastfm.com
5184,fabletics.com
5300,playoverwatch.com
5502,wacken.com
5576,huobi.pro
5642,tribune.com.pk
5656,gearbest.com
5702,openclassrooms.com
5736,umh.es
5759,skyscanner.fr
5778,presse.ademe.fr
5793,deathangel.us
5814,acupoftim.com
5830,teslarati.com
5842,apartmenttherapy.com
5860,saab.com
5888,theweathernetwork.com
5925,blogs.elpais.com
5954,worldoftanks.asia
5991,materiacollective.com
5999,bustle.com
6034,blogs.denverpost.com
6074,simplyrecipes.com
6246,reviews.cnet.com
6298,gurl.com
6302,ruelala.com
6341,conversandocomalua.com
6407,smboyce.com
6435,blog.ninaah.com
6477,yummertime.com
6490,dragananikolic.blogspot.com
6542,chaosriftgames.com
6590,fmicast.net
6707,inventors.about.com
6752,keanemusic.com
6863,lifx.com
7032,bhpho.to
7047,weston.ruter.net
7070,cbsn.ws
7109,recordstoreday.com
7172,friendlyatheist.com
7224,skyscrapercity.com
7249,rangers.co.uk
7261,gocomics.com
7268,lepoint.fr
7293,weblogtheworld.com
7356,ghacks.net
7397,thehmmmschoolingmom.com
7429,curbed.com
7491,ho.lazada.co.id
7517,getoutofdebt.org
7536,sqpn.com
7587,cabovillas.com
7676,myanimalhome.net
7802,womenshistory.about.com
8026,deutsch.rt.com
8042,fanlink.to
8116,zazzle.com.br
8157,on.cc.com
8323,single-sourcing.com
8358,noova.in
8426,jeep.com
8439,minecraftwiki.net
8480,mysuperkids.net
8484,mapleleafs.nhl.com
8578,afroniquelyyou.com
8582,jaclynhillmakeup.com
8768,anacletorosas.blogspot.com
8800,lanadelrey.com
8829,messenger.yahoo.com
8942,boomstarter.ru
8946,slideplayer.org
8954,alzfdn.org
9038,na-kd.com
9234,kitabisa.com
9279,goalcast.com
9560,booki.ng
9579,corvetteonline.com
9926,br.gearbest.com
9932,marfanta.com
9939,store.syrinscape.com
9982,tech-ish.com
10047,klaudija.de
10365,horacy67.blogspot.com
10470,brians.photos
10813,islamway.com
10820,shop.gopro.com
10882,katebush.com
11141,bcgperspectives.com
11181,theoccidentalobserver.net
11204,tameimpala.com
11282,thermoworks.com
11398,healthcentral.com
11463,barbrastreisand.com
11488,snowpatrol.com
11539,crusadersfc.com
11544,zomato.com
11630,visualcapitalist.com
11643,search.twitter.com
11658,australianmuseum.net.au
11679,dollarshaveclub.com
11686,oathkeepers.org
11887,thisiscolossal.com
11916,rap-up.com
12534,oddfuture.tumblr.com
12654,ajcn.nutrition.org
12708,swiked.tumblr.com
12793,thoughtco.com
13476,chemistry.about.com
13690,tourisme-alsace.com
13716,museeairespace.fr
13738,shop.studio71us.com
13812,webtrends.about.com
13897,saylor.org
13909,mint.com
13966,nutritiondata.self.com
14151,backchannel.com
14237,pearltrees.com
14276,deadlinenews.co.uk
14290,drdrew.com
14355,usmilitary.about.com
14415,canucks.nhl.com
14436,bluebirdbanter.com
14659,msuspartans.com
14689,broncosports.com
14691,gobulldogs.com
14711,skeptic.org.uk
14772,paranorman.com
14808,skynews.com
14857,paparoach.com
14865,stonesour.com
14887,protectedplanet.net
14902,zpravy.idnes.cz
14938,blabbermouth.net
14962,shonenmagazine.com
14966,cwg.org
14986,videnskab.dk
15009,themeparkreview.com
15064,railjournal.com
15067,bvb.de
15075,serebii.net
15083,impactwrestling.com
15299,utsnyc.edu
15337,vesti7.ru
15371,transfigurism.org
15403,beam.pro
15472,scotusblog.com
15501,yoga.about.com
15518,paperblog.fr
15538,soundsonline.com
15624,public.fotki.com
15637,thaiairways.com
15700,wcjb.com
15721,huskers.com
15723,tvn24.pl
15866,samuel-warde.com
15876,crankbrothers.com
15880,rustybrick.com
15886,mega64.com
15893,womansday.com
15904,boston.cbslocal.com
15912,frc.org
15920,mail.com
15926,cp24.com
15942,labo.nintendo.com
16049,jessegrillo.com
16137,theaudacitytopodcast.com
16156,tumblr.ifc.com
16165,patient.co.uk
16207,orea.cz
16301,zazzle.ca
16492,kings.nhl.com
16501,i60.tinypic.com
16509,cultura.elpais.com
16513,housebeautiful.com
16515,thebark.com
16529,manning.com
16564,pcsupport.about.com
16566,jwu.edu
16634,hydroflask.com
16654,rxbar.com
16805,kipkay.com
16819,corridor-digital.com
16839,eventvods.com
16842,stupiddope.com
16848,rae.es
16888,play.eslgaming.com
16889,parkcitymountain.com
16952,atdimusic.com
16976,wwwtwitter.com
16982,premiere.fr
16987,vegrecipesofindia.com
16998,architecture.about.com
17001,finewoodworking.com
17002,cnes.fr
17017,warhistoryonline.com
17033,ny.curbed.com
17055,digitalcameraworld.com
17062,stocksy.com
17081,informador.com.mx
17083,15min.lt
17093,maz-online.de
17108,cameralabs.com
17135,davidbrin.blogspot.com
17142,ifamericansknew.org
17172,mallumalayammasalavdo.blogspot.in
17241,twitter.com.br
17299,amateurtraveler.com
17300,tv.boingboing.net
17301,burgerrecords.org
17385,level.travel
17434,everblocksystems.com
17439,untdallas.edu
17459,zimmcomm.biz
17479,sileo.com
17535,scientology.tv
17551,thepublicityagency.com
17590,thekateringshow.com
17606,minecraftteacher.net
17615,x3.de
17731,killerrobots.tv
17761,thonixx.com
17828,graphicssoft.about.com
17834,desktoppub.about.com
17847,harlemglobetrotters.com
17879,zazzle.com.au
17882,creativecrash.com
17895,jbonamassa.com
17896,battlefy.com
17974,samsmithworld.com
18012,fcbate.by
18090,stlouisblues.com
18141,theghostinside.com
18145,pliesworld.com
18162,chadhurley.com
18290,zmescience.com
18321,sundaypost.com
18384,eos.org
18393,americanlawyer.com
18400,westminster-abbey.org
18401,historynewsnetwork.org
18425,plus.maths.org
18436,fallout.wikia.com
18493,mypatriotsupply.com
18510,onbeing.org
18517,popbytes.com
18528,sargenthouse.com
18539,anhorse.com
18566,idowa.de
18582,onlyfans.com
18665,nicklaus.com
18675,elsalvador.com
18760,uwyo.edu
18767,ecwid.com
18864,ledevoir.com
18890,ledgerwallet.com
18919,howcast.com
18947,ubykotex.com
18949,stardewvalley.net
18957,papyrus-uk.org
18976,866ourvote.org
19022,locknfestival.com
19026,femfreq.tumblr.com
19042,songfreedom.com
19056,mlg.tv
19108,plays.tv
19214,ocala.com
19225,college.usatoday.com
19251,cnetfrance.fr
19292,rakuten-bank.co.jp
19362,recombu.com
19376,idnes.cz
19440,tvcast.naver.com
19585,coolcatteacher.com
19596,ashleemarie.com
19598,glasgowfilm.org
19635,dromnyc.com
19661,mercy.edu
19804,360istanbul.com
19813,kpel965.com
19857,thescottbrothers.com
19892,amazonconservation.org
19912,bbcgardenersworldlive.com
19929,flexfits.com
19956,lostigresdelnorte.com
19957,rockawaybrewco.com
20005,radiokillarecords.com
20006,savvystews.com
20016,dmc-comics.com
20021,iwaweb.org
20057,markeedragon.com
20178,virginrecords.co.uk
20188,parodyproject.com
20191,jennyowenyoungs.tumblr.com
20196,skepticallypwnd.com
20239,wblk.com
20283,chowhound.chow.com
20289,curvemag.com
20301,capitals.nhl.com
20351,zagat.tumblr.com
20365,scarymommy.com
20443,files.filefront.com
20445,thegazette.com
20523,cjnews.com
20567,avex.jp
20570,tv.sbs.co.kr
20614,jobsearch.about.com
20635,visitnc.com
20657,mtu.edu
20683,news.emory.edu
20782,andreewallin.deviantart.com
20810,legendarystrength.com
20840,tv2000.it
20850,stillmotion.ca
20901,darkhorizons.com
20934,whattoexpect.com
20949,geniuskitchen.com
20966,goducks.com
20971,wsiltv.com
20977,joyofkosher.com
20985,spox.com
21076,londonist.com
21085,hidemyass.com
21102,outdoorlife.com
21126,abcfamily.go.com
21155,ldsliving.com
21228,giantstep.net
21229,eastjava.com
21319,machinegunkelly.com
21439,fcqueen.cz
21442,pribehrozhlasu.cz
21460,pnl.md
21470,pedrosgame.cz
21484,wz-newsline.de
21485,islamqa.info
21492,lupa.cz
21501,queer.de
21516,vesti.bg
21518,birding.about.com
21569,icasei.com.br
21593,coinmama.com
21629,tiketa.lt
21682,cunamutual.com
21746,sigma-beauty.7eer.net
21748,dudeperfect.com
21751,soundclound.com
21805,zelena-akcija.hr
21865,colbertlateshow.com
21905,chouftv.ma
21967,eliasaikaly.com
21980,unitycharity.com
21997,cocopanda.fi
22086,store.nicolesy.com
22133,dudeperfect.merchline.com
22153,bachacomusic.com
22210,greatlakes.mtu.edu
22238,mocha-pro.com
22248,sunlightsquare.com
22270,ckturistando.com.br
22318,clcftl.org
22334,franciswolff.com
22420,in.answers.yahoo.com
22449,ynetnews.com
22486,wave3.com
23412,barclaysatpworldtourfinals.com
23460,brainerddispatch.com
23471,ukathletics.com
23504,bie.org
23531,geekmom.com
23605,distractify.com
23656,hawaiiathletics.com
23671,calabreserock.com
23803,honolulumagazine.com
23843,courrierinternational.com
23875,seafoodwatch.org
23917,atheism.about.com
23963,savefrom.net
24316,jamiroquai.co.uk
24350,deadbyapril.com
24439,in.explara.com
24643,easteuropeanfood.about.com
24747,sine.com.br
24795,rainbow6.ubi.com
24906,elreynetwork.com
24970,rockbandaide.com
25744,lakewoodcity.org
25857,goaztecs.cstv.com
26003,deephouseamsterdam.com
26026,brandonheath.net
26045,lmulions.com
26439,uce.edu.ec
26460,alfaromeo.fr
26614,rejectedjokes.com
26635,cimorellimusic.com
26671,melissahorn.se
26698,fee.rs.gov.br
26729,troyesivan.tumblr.com
26822,fighttips.com
26846,davidzinman.org
27081,erbofhistory.com
27207,weddingchicks.com
27432,g-shock.jp
27467,slatedigital.com
27744,mahouritsu.com
28049,mobly.com.br
28081,trampos.co
28258,zencash.com
28317,seantucker.photography
28329,dollynoire.com
28342,thecreatorsproject.tumblr.com
28351,kitchenart.vn
28422,goodtimestv.in
28442,bandaapogeu.com
28489,greenway.com.vn
28524,iglesiapentecostal.com
28561,hoeyen.dk
28588,rock-star.co.uk
28596,brunobiscaia.com
28600,exist270.com
28650,sciencesetavenir.fr
28787,levonhelm.com
28850,greenbuildingadvisor.com
28927,simplyspeakers.com
28935,cineuropa.org
29176,dynamicchiropractic.com
29194,sbinfocanada.about.com
29213,twentytwowords.com
29266,sprouts.com
29347,rachaelsage.com
29542,livelaw.in
29652,bestbullysticks.com
29699,chilipeppers.tumblr.com
29726,prowrestlingtees.com
29733,lol.gamepedia.com
29738,heroesofthestorm.com
29740,liquipedia.net
29752,rivergrandrapids.com
29788,tripadvisor.cz
29824,daserste.ndr.de
29985,100percentpure.com
29988,casadevalentina.com.br
29994,divascancook.com
29996,classycareergirl.com
29997,poopourri.com
29999,nickiswift.com
30010,bricolaje.facilisimo.com
30012,flyingthenest.tv
30027,sojo1049.com
30039,nbcthevoice.tumblr.com
30073,techno-science.net
30100,entrepreneurs.about.com
30147,geography.about.com
31243,anzujaamu.tumblr.com
31257,fukui-freaks.jp
31330,theterramarproject.org
31533,simplyquinoa.com
31559,sakurabloom.com
31662,bingsurf.com
31685,currentbody.com
31736,blingaholic88.com
31973,alanleenhouts.com
32018,jomotech.blog
32094,fupa.net
32100,viamichelin.fr
32102,sf.curbed.com
32214,echodnia.eu
32224,air-cosmos.com
32329,cknw.com
32331,french.about.com
32496,ecstuning.com
32517,m.sephora.com
32527,maxpedition.com
32608,shawnacoronado.com
32611,waaf.com
32676,social.lge.co.kr
32741,campendium.com
32764,thatsmyface.com
32823,shop.ccs.com
32830,visitelpaso.com
32867,ultraeurope.com
32928,livingmividaloca.com
32974,rainbow6.com
33024,katsfm.com
33276,nbcsnl.tumblr.com
33373,mashable.tumblr.com
33374,turnology.com
33391,unicef.tumblr.com
33408,emazinglights.com
33429,funnyordie.tumblr.com
33449,toomuchnick.com
33636,modernmartha.com
33641,subpop.tumblr.com
33693,roamersberlin.tumblr.com
33773,everythinggutter.com
33813,latenightseth.tumblr.com
33817,vicenews.tumblr.com
33901,revvedmag.com
33922,gayfortaylorlautner.tumblr.com
33923,irlirl.tumblr.com
34028,coachella.tumblr.com
34030,dorkly.tumblr.com
34107,diorpaint.tumblr.com
34202,endiness.tumblr.com
34268,gopro.tumblr.com
34275,thehpalliance.tumblr.com
34305,bch.btc.com
34335,kultureva.com
34376,carson-drew-it.tumblr.com
34379,jayzslifeandtimes.tumblr.com
34381,kendyllhillegas.tumblr.com
34386,milesjai.tumblr.com
34391,pearl-likes-pi.tumblr.com
34396,steveahn.tumblr.com
34397,swade-art.tumblr.com
34398,themonsterhighdolls.tumblr.com
34401,tinaxo.tumblr.com
34419,themagicshow.fr
34429,emuvr.net
34442,bananagaming.tv
34455,elianaprintes.com.br
34497,dexbonus.tumblr.com
34499,eddsworld.tumblr.com
34505,joesugg.tumblr.com
34508,msdbzbabe.tumblr.com
34513,screenweek.tumblr.com
34516,terminalmontage.tumblr.com
34520,theloupgaroux.tumblr.com
34521,uniofnottingham.tumblr.com
34522,zzward.tumblr.com
34589,memoriasdelamanzana.blogspot.com
34644,twitter.red-tuby.com
34651,rq.skyrocketcreation.com
34662,thesweetestjourney.com
34668,allyourbaselol.tumblr.com
34688,calabrese666.tumblr.com
34690,cchillixx.tumblr.com
34693,chao-studios.tumblr.com
34709,dirtysmith.tumblr.com
34710,disneyexaminer.tumblr.com
34715,eliseeks.tumblr.com
34718,entertainmentauthority.tumblr.com
34725,feranelia.tumblr.com
34726,filmineral.tumblr.com
34738,hannahwitton.tumblr.com
34742,hotchakyeon.tumblr.com
34747,ideeperscrittori.tumblr.com
34754,jazziebabycakes.tumblr.com
34758,jennylou365.tumblr.com
34763,jslucas.tumblr.com
34765,karmaloop.tumblr.com
34774,legion1349official.tumblr.com
34777,listentoliv.tumblr.com
34781,lostboymemoirs.tumblr.com
34786,marsupialpudding.tumblr.com
34788,mattandkim.tumblr.com
34792,mindofachef.tumblr.com
34794,momandpopmusic.tumblr.com
34796,myfatpet.tumblr.com
34801,nicholasfung.tumblr.com
34803,nicovuignier.tumblr.com
34809,odysseybmx.tumblr.com
34812,paleosteno.tumblr.com
34819,qtarts.tumblr.com
34821,randyhaddock.tumblr.com
34822,rappler.tumblr.com
34826,rifftrax.tumblr.com
34827,rinidinger.tumblr.com
34838,singultus.tumblr.com
34841,sonyaesman.tumblr.com
34842,sosenka-official.tumblr.com
34845,stanprokopenko.tumblr.com
34859,thejobrien.tumblr.com
34866,thewisestwizards.tumblr.com
34877,weremagnus.tumblr.com
34995,gardening.about.com
35001,advertiser.ie
35122,actu.fr
35175,chow.com
35291,solarnovus.com
35492,farmtoschool.org
35622,parentalrights.org
35639,twitter.de
35777,cafeland.vn
35861,chrdk.ru
35924,epson.it
36012,ggurls.com
36015,lindsayletters.com
36039,gogosqueez.com
36040,qdma.com
36110,jouercosmetics.com
36146,eonreality.com
36155,algamal.net
36351,amga.com
36382,civilwarmed.org
36408,lezpop.it
36413,imeldamay.co.uk
36498,glassanimals.eu
36700,fourpoints.com
36702,mantry.com
36718,futonland.com
36751,wyd-team.skyrock.com
36848,vizeo.net
36905,fly.twitter.com
36990,theengineeringprojects.com
37011,shoosmiths.co.uk
37022,hookit.com
37067,q103albany.com
37134,blackriflecoffee.com
37166,hilti.de
37249,s1101.photobucket.com
37296,myinvestorsbank.com
37355,kirby.nintendo.com
37378,sexting.es
37390,tomorrowsworld.org
37442,craftygemini.com
37473,thunderpress.net
37504,recentr.com
37505,resqme.com
37538,godox.com
37552,wf.my.com
37617,pixiefaire.com
37749,hei.org
37868,opcionweb.com
37908,fr.bedycasa.com
37912,chevyhardcore.com
38044,103gbfrocks.com
38101,pvris.com
38167,xplor.travel
38189,climatestate.com
38195,iemulators.com
38525,yhteishyva-ruoka.fi
38616,jamesmadison.org
38632,editoravalentina.com.br
38778,radioexpert.ru
38923,kineticfountains.com
38999,morriscountynj.gov
39009,therecordcompany.net
39010,wwcsd.net
39060,beartoothband.com
39091,sethwalker.com
39098,whitecloudelectroniccigarettes.com
39122,lincolnzoo.org
39291,astroneer.space
39336,newair.com
39408,1sheeld.com
39419,bedycasa.com
39474,mantripping.com
39483,oceanreefresorts.com
39572,mdregion.ru
39701,olottv.xiptv.cat
39713,avioesemusicas.com
39725,boncomposite.com
39826,theriver1079.com
40047,radioarenys.cat
40119,justapack.com
40120,k1017fm.com
40131,lessonface.com
40134,location3.com
40160,s960.photobucket.com
40311,angelsense.com
40325,etsexpress.com
40430,makeoverday.com.br
40433,trabalhosujo.com.br
40441,teslanomics.co
40651,hop.co.il
40669,aflcionc.org
40683,lavoz.org
40801,ridealong.com
40813,tinymetal.com
40839,sartorialust.net
40875,etiko.com.au
40931,blogdenuria.com
40938,bulbrite.com
40949,cyrillemusic.com
40950,darkresurrection.com
40982,hyperwear.com
40988,jolitipi.com
41047,skygeek.com
41089,beyblade.wikia.com
41127,ilgrandebluff.info
41170,pahumanities.org
41252,emumovies.com
41268,iprevailband.com
41361,handsacrossthesand.org
41433,artistcouture.com
41446,frikidiario.blogspot.com
41489,flatironschurch.com
41513,ignitephoenix.com
41533,ksfa860.com
41547,melogia.com
41569,raborak.com
41595,somaenergetics.com
41610,thefunkhunters.com
41626,disney.tumblr.com
41630,artequalshappy.typepad.com
41640,kimpossible.wikia.com
41697,discoradio.it
41705,anakina.net
41706,anivisual.net
41781,teatr-uz.ru
41789,mag.gob.sv
41844,coachdavelive.com
41945,yourdesignonline.com
42043,98kool.com
42052,anthony-evans.com
42212,popflexactive.com
42250,go.staplesadvantage.com
42276,risingtensions.tumblr.com
42446,grbe.st
42483,975now.com
42518,govaliants.com
42693,amattajm.com.ar
42738,a-tacs.com
42857,gutterbrush.com
42903,makeupmagique.com
42976,speedyortiz.com
43025,wandamusik.com
43028,wjimam.com
43118,feeltennis.net
43212,burevestnik.ru
43300,cheebachews.com
43302,christian-bischoff.com
43468,gptv.nl
43704,gemr.com
43831,philoking.com
43918,tommeetippee.com
44043,handras.hu
44050,vok.is
44194,potmiru.si
44256,4chairchick.com
44264,almostskateboards.com
44322,medusa-dollmaker.deviantart.com
44353,greekrank.com
44501,westnorwoodfeast.com
44508,despiertaya.wordpress.com
44537,espaciojovenvalladolid.es
44583,itslearning.nl
44618,muzodajnia.pl
44640,lakrits.se
44648,gamex.com.tr
44695,makecoisaetal.com.br
44772,marvelmadeinitaly.blogspot.com
44791,brigadaparaleerenlibertad.com
44828,daddyblogger.com
44934,jenniferadams.com
45081,slot-suki.com
45172,wmmq.com
45217,shop.rockhard.de
45237,funambulista.es
45320,firenews.net
45322,grap.net
45477,martinsmith.tv
45654,italiansdoitbetter.com
45672,olegmatveev.livejournal.com
45724,safesleevecases.com
45763,filmographile.tumblr.com
46038,103kkcn.com
46040,1390thefan.com
46155,blockimaging.com
46161,madtapes.blogspot.com
46219,christinabianco.com
46391,glowyzoey.com
46470,j-cg.com
46474,jamaicahotelreview.com
46543,loveshackentertainment.com
46554,madhousemnl.com
46599,movementsofficial.com
46622,nettvplus.com
46710,raspberry-at-home.com
46751,sewsteady.com
46889,therealjacksepticeye.tumblr.com
46894,twisterchasers.com
46943,wilkinson-music.com
46964,wowlegion.com
46982,zacharylucky.com
47092,beinsportsconnect.fr
47155,tic-tac.it
47174,lailas.me
47213,nickyjampr.net
47238,wgleague.net
47376,tsagoldenstate.org
47584,careertrekbc.ca
47621,dixiestudentlife.com
47713,xidax.com
47787,tv.ib-bank.ru
47803,bazar.nikolaev.ua
47813,gerege.agency
48035,azsamad.com
48120,buckyballmusic.com
48215,derraleves.com
48313,finduslost.com
48391,happilyuprooted.com
48417,ianponsjewell.com
48423,icurecancer.com
48465,jimmythebull.com
48544,madnessautoworks.com
48605,morphtec.com
48630,mystyledlife.com
48634,naea.com
48781,shop.royalpotatofamily.com
48794,santaclaritadiet.com
48828,skystreamx.com
48885,teamkalitta.com
48895,the-weyers.com
48967,nmaahc.tumblr.com
48969,theherbaliser.tumblr.com
49017,whoiskb.com
49031,wobmam.com
49043,joaynn510.wordpress.com
49172,piht.edu
49204,barber.expert
49347,bscotch.net
49348,bukiyuushuu.net
49351,electronic-circus.net
49363,karascloset.net
49370,muddys-club.net
49374,nailbiter.net
49383,scarletaura.net
49417,dwdd.nl
49421,klusbeter.nl
49423,laviesagista.nl
49424,laviesanne.nl
49432,veed.nl
49436,mela.no
49537,sagescommedessauvages.org
49582,tasteandtravel.pl
49587,hospitality.pro
49733,mallumalayammasalavdo.blogspot.co.uk
49833,e-djs.com.br
49953,alirittenhouse.com
49957,almcglashan.com
49968,amyvachal.com
49971,annagraceman.com
49975,applecoding.com
50004,avdoeswhat.com
50094,bpaquarium.com
50147,clubdeportivomarisma.com
50150,cocodorm.com
50216,dmitryelizarov.deviantart.com
50239,doepaoro.com
50242,donateyouraccount.com
50261,ehdreeahnah.com
50357,user.gearbest.com
50416,horsedream.com
50448,irrationalpassions.com
50489,junglegymjam.com
50503,ketokarma.com
50546,lightmodehelmets.com
50739,primaledgehealth.com
50750,pvicollective.com
50769,raye-music.com
50861,somewheredevine.com
50945,themacroexperiment.com
50997,trilhadomedo.com
51004,axe.tumblr.com
51051,wagramlabel.com
51062,wehappyfewgame.com
51371,digi-rearise.bn-ent.net
51388,iconforhire.net
51417,solomongrey.net
51459,airmobile.org
51537,prodefence.org
51540,rachad.org
51560,the-one-network.org
51569,voypic.org
51572,wilderresearch.org
51867,4shomag.com
51882,ailolacapetown.com
51969,brycereeves.com
52038,dustinmind.com
52079,freshmedleydesigns.com
52206,matrixshad.com
52210,meadowlarkofficial.com
52258,onyxhq.com
52260,ourfamilynest.com
52267,paulajean2018.com
52290,puertoricofc.com
52404,innuendostudios.tumblr.com
52407,tellmetodrawsomething.tumblr.com
52444,wilsonvilletoyota.com
52575,playground.moscow
52700,polskiastrobloger.pl
52818,baeckerei-brandl.at
52826,brillig.com.au
52858,davideo.biz
52864,7tacas.com.br
52888,jesuscomigo.com.br
52890,jogoveio.com.br
52922,toncarfi.com.br
53225,bleedbigblue.com
53226,bloggingsuccessfully.com
53238,citemor.blogspot.com
53258,mataroesmou.blogspot.com
53370,columbusfishingexpo.com
53391,countarthurstrong.com
53458,howlseage.deviantart.com
53516,dustinsfishtanks.com
53568,excy.com
53570,exploreinspired.com
53600,forestryequipmentsales.com
53844,kriscahill.com
53847,kvitrina.com
53863,lawjournaltv.com
53872,leonachin.com
54011,muchomuscle.com
54148,poobearmusic.com
54151,porfalaremcorrida.com
54191,radsummer.com
54295,sedacollegeonline.com
54338,slickforcegirl.com
54349,sonofthesunmusic.com
54433,theaterfansmanila.com
54508,tour.topgolf.com
54538,sarabenincasa.tumblr.com
54570,vagrantbard.com
54596,vladstrizheus.com
54608,waterskiandwakeboardworldcup.com
54810,spirit-of-traveling.de
54828,bluesoverdrive.dk
54864,huermur.es
54877,zwave.es
54913,azadi.fr
55132,pelmeny.net
55422,geegun.ru
55458,zavtracast.ru
55475,fatherjohnmisty.store
55554,kagome.com.tw
55651,toitaigioibancungthe.vn
55711,maikon.biz
55713,pdws.biz
55716,4devs.com.br
55745,danielsouza.com.br
55770,misspinkstore.com.br
55783,reserva51.com.br
55861,1up-island.com
55956,antygaming.com
56232,con-tru.com
56279,dangchicks.com
56280,dannipomplun.com
56310,lukpazera.deviantart.com
56386,elegantchances.com
56391,ellosynosotros.com
56395,elmundodeisa.com
56407,enquetes-spirituelles.com
56417,estacaonerd.com
56443,farafinakan.com
56464,fittedstate.com
56581,highsoftware.com
56671,jbuathletics.com
56753,kooristyle.com
56782,laurenrudick.com
56797,lincolnhoppe.com
56845,manoutfitters.com
56896,michaelpriceless.com
56925,mry14mn.com
57084,playadnc.com
57096,portuguesecomedy.com
57141,razvanstoica.com
57234,sharonojong.com
57238,shinjokun.com
57253,blog.silviaskingdom.com
57256,simonswiss.com
57281,solucionesorion.com
57288,soreonline.com
57299,speakoftheangel.com
57355,sushiyamatravels.com
57380,techmuzeacademy.com
57385,tellavisionmusic.com
57423,therrmaitz.com
57490,tudosobrejardins.com
57492,brianandkarl.tumblr.com
57497,filmography2013.tumblr.com
57503,markiplier.tumblr.com
57511,weedporndaily.tumblr.com
57767,pro-d-tunnel.de
58245,europython-society.org
58283,bsri.myeloma.org
58299,playcajon.org
58393,marinarus.autoweboffice.ru
58534,mizzima.tv
58550,sliceofscifi.tv
58571,insider.ictv.ua
58608,richardlai.co.uk
58634,youngart.us
58641,phathoanggia.com.vn
58650,sustainabledesign.co.za
58731,reason.org.au
58785,canalauthenticgames.com.br
58919,vilabeef.com.br
58959,aboriginal.ecuad.ca
59030,alphaclothing.co
59288,artgoretchagas.com
59303,ashleymorganic.com
59488,bankingly.com
59602,grinningstudio.blogspot.com
59732,bucatarialuiradu.com
59763,cannabition.com
59806,contests.cheapoair.com
59899,corvink.com
60024,cstation.deviantart.com
60042,thearta.deviantart.com
60066,disneymusic.com
60080,djpupdawg.com
60110,drcarolfrancis.com
60132,lib.dystlab.com
60187,elyssanalani.com
60276,fatihacet.com
60318,foojee.com
60407,gfhomesandland.com
60497,hawkeyesband.com
60501,healingwow.com
60529,hitthepitch.com
60703,jennifermccallum.com
60755,jurofishing.com
60759,jwpei.com
60773,katsurasunshine.com
60789,kennethholland.com
60824,kodi-solutions.com
60827,kontramax.com
60874,laurens-list.com
60912,licenselounge.com
60948,livvit.com
61042,masktactical.com
61256,nickydou.com
61276,ninjatracks.com
61531,rallymex.com
61559,redriverchevy.com
61663,samplekings.com
61905,sukshindershinda.com
61916,surrealized.com
61952,teamnxl.com
62004,thebroshow.com
62091,thexdexperience.com
62123,tombraiderarabia.com
62215,viviannedubois.tumblr.com
62216,yunamusic.tumblr.com
62249,universestars.com
62258,uppwind.com
62301,vincentgargiulo.com
62398,wingtchundo.com
62473,worshiponline.com
62485,xenom0rph.com
62523,zombiesatemypodcast.com
62537,dychamproostravu.cz
62731,ripperkon.de
62745,sio-motion.de
62770,toocrazygames.de
62941,missiomaailma.fi
62994,rendr.fr
63045,evailona.hu
63095,learncodeonline.in
63137,rockwall.investments
63166,buondi.it
63271,gntv.lt
63297,moonwalk.me
63313,ronycreativa.blogspot.mx
63316,gohandsoft.com.mx
63437,markfitchett.net
63512,topkartusa.net
63612,andalusonline.org
63654,dancingwithoutborders.org
63682,fotougur.org
63687,fundacionhermesmusic.org
63691,gaytonchurch.org
63807,templeuvup.org
64330,gamesprout.co.uk
64499,robertabigail.be
64521,alinenogueirah.com.br
64547,cacursos.com.br
64587,geraestec.com.br
64588,tix.geraestec.com.br
64682,camaraaruja.sp.gov.br
64779,hairconstruction.co
64888,alvatonchurchofchrist.com
64922,apacherifleworks.com
65130,bhadbhabie.com
65277,brandthinkmarketingdo.com
65375,christsforgiveness.com
65398,cloud9service.com
65451,critgames.com
65479,dannybittman.com
65531,haru-shonta.deviantart.com
65549,supernovadobe.deviantart.com
65587,djregardofficial.com
65604,dorianelectra.com
65620,driskotech.com
65950,hiradiosilence.com
66036,iridewheelies.com
66092,jimsreviewroom.com
66113,joycdaniels.com
66122,junior-prom.com
66160,kjrevolution.com
66256,livingpowerfully.com
66263,longrangeshootersofutah.com
66357,megacursos.com
66388,microdmusic.com
66451,musicsupervisorguide.com
66482,tsj.nauticapress.com
66511,nickvivion.com
66559,onceuponadiamond.com
66564,onlineleadfinder.com
66600,parisbachatafestival.com
66606,parmsi.com
66635,pixietubeuse.com
66646,endcredits.podbean.com
66695,push.com
66789,rodofgodcomedy.com
66898,sitofon.com
66903,heritage.skoda-auto.com
66939,sparksnext.com
67003,sycamoreenergy.com
67064,uk.the-sub.com
67125,thestoryscape.com
67130,thewanderingdragons.com
67210,emmablackery.tumblr.com
67232,robertbidder.tumblr.com
67236,showtimeboxing.tumblr.com
67269,unlockyourpossibility.com
67383,willwhitt.com
67578,glorydaze.de
67856,gateacademy.co.in
67955,life2.0travel.jp
68019,algodonerosdesanluis.com.mx
68186,superunison.net
68253,vliegendevriendenvanamstel.nl
68272,aashwasan.org
68315,devpod.org
68418,srchristianchurch.org
68457,jbv.ovh
68657,smartzero.sk
69011,anitasseo.blogspot.com.ar
69025,brandcartoon.com.ar
69213,digi.heavymag.com.au
69245,pawsnclawscoffsharbour.com.au
69377,craftu.be
69499,threelittlebirds.blog
69582,bandasomelouvor.com.br
69642,charmosademais.blogspot.com.br
69655,felipesmu.blogspot.com.br
69680,microfisioterapiasaopaulo.blogspot.com.br
69724,voudefloral.blogspot.com.br
69740,brunobrum.com.br
69749,blog.cacursos.com.br
69766,canaljoga10.com.br
69892,doutordosport.com.br
69906,editoracidadania.com.br
69982,loja.gameforfun.com.br
70047,infoteclan.com.br
70092,kievv.com.br
70172,makesemfirula.com.br
70181,marcelcervantesdeoliveira.com.br
70206,memomusic.com.br
70346,proluno.com.br
70376,twitter.relaxaremeditar.com.br
70473,submarinostudios.com.br
70529,blog.tulipavermelha.com.br
70533,blog.tvbrasilcentral.com.br
70634,fundive.by
70657,ariatv.ca
70658,assaha.ca
70699,vancitygirlfriends.blogspot.ca
70710,clockworkowl.ca
70970,superpanorama.ch
71177,casamiyagi.com.co
71203,digitalboy.co
71220,clemsontigers.exposure.co
71358,mixing101.co
71439,pinball.silk.co
71524,whiteglovemedia.co
71539,brcc.coffee
71617,2ndnat.com
71795,actionhat.com
71842,adrianmaj.com
71898,agmtraveller.com
71968,albertmoretz.com
72149,twitter.amenmoto.com
72160,aminahphotography.com
72176,amsterdamcurated.com
72510,athenspoledance.com
72540,aubreywollett.com
73676,twitter.baumblau.com
73701,beachhomesinsandiego.com
73781,twitter.beegeestribute.com
74120,blairjmeadows.com
74266,bantinfacebook.blogspot.com
74277,beautybykendalllynn.blogspot.com
74307,bobaepapa.blogspot.com
74345,chestiimda.blogspot.com
74377,crowntoyotaoflawrence.blogspot.com
74385,cvmco88.blogspot.com
74434,dousari.blogspot.com
74475,encompassproductions.blogspot.com
74647,jameshetfield23.blogspot.com
74697,keepsafeshelters.blogspot.com
74760,ludicspaces.blogspot.com
74785,marisolmckee.blogspot.com
74837,modsbomb.blogspot.com
74873,ncbookzvlog.blogspot.com
75035,segredodabianca.blogspot.com
75043,serrbiz.blogspot.com
75122,thedamdambw12.blogspot.com
75157,tornadoshelterusa.blogspot.com
75248,yosoyandyoficial.blogspot.com
75334,bonuslives.com
75403,bradbass.com
75412,t.braheen.com
75509,brightwoodentertainment.com
75527,brothelmusic.com
75683,callthatreverend.com
75800,carlrydings.com
75988,blog.chesslogger.com
76059,chrisgcastor.com
76193,clintusmerch.com
76316,compassionategeek.com
76405,correctionalofficertraininghq.com
76596,cxcrusade.com
76627,d2e-music.com
76773,darkskyradio.com
77005,adecoy95.deviantart.com
77017,angel-poloo.deviantart.com
77027,asalgor.deviantart.com
77031,audibleaudioart.deviantart.com
77043,bluemansonic.deviantart.com
77054,chanq.deviantart.com
77056,chemi-ckal.deviantart.com
77058,chibitaliasweet91.deviantart.com
77073,da-drawing-cat-601.deviantart.com
77086,deanosidwell.deviantart.com
77089,deviantlanxerisfart.deviantart.com
77164,kanindor.deviantart.com
77185,livetune.deviantart.com
77192,lovinasianchik.deviantart.com
77209,midnightrarity.deviantart.com
77217,miyazakifan7.deviantart.com
77235,nartaredgirl12.deviantart.com
77253,onespeechless.deviantart.com
77258,poucet.deviantart.com
77262,radioactiveroach.deviantart.com
77282,rushfreak2.deviantart.com
77305,simonorj.deviantart.com
77321,thegoodassassin.deviantart.com
77351,waaghboss.deviantart.com
77373,zi-one.deviantart.com
77492,divanessamusic.com
77672,double8productions.com
77824,duetpublicrelations.com
77840,dustinhaney.com
77943,marksshrimptanks.ecwid.com
77945,eddache.com
77953,edfinlan.com
77959,edhaa.com
78018,elainesarantakos.com
78080,elmayorblogdegerencia.com
78082,elmundosegunana.com
78118,emmaceolin.com
78121,emmatrim.com
78167,enroutejewelry.com
78256,you.esc-plus.com
78295,twtr.etbim.com
78392,everything-everett.com
78669,fiona-clarke.com
78730,twitter.flashback-one.com
78795,fontainelandscaping.com
78901,freedomlifedfw.com
78938,freshbodymind.com
78944,friarwade.com
78987,fullermovement.com
79010,furickcup.com
79016,fusionmartialartsacademy.com
79038,g4zdtechtv.com
79095,gangsterpartyline.com
79211,getintoadigitalworld.com
79320,gmofreewashington.com
79432,grantcardonebootcamp.com
79522,guitarmpro.com
79671,hearglobally.com
79839,twitter.hndgaming.com
79938,blog.houseofnot.com
80016,iainbailey.com
80072,icestarr.com
80150,iksanbangsawan.com
80153,success2016.ilgamos.com
80239,incompativeisbr.com
80299,inkredibleimage.com
80387,jordanchin99.ipronetwork.com
80428,twitter.ismono.com
80517,jacuzzifuzz.com
80574,jamesyoungphotography.com
80645,jayarbass.com
80798,twitter.jgaitpro.com
80909,johnalitefacts.com
80945,jojaxs.com
80973,jonbrownell.com
80995,jorgenfelt.com
80999,jornadaviva.com
81032,jpgatt.com
81131,twitter.jw62.com
81161,kalfelz.com
81168,kamariiadd.com
81504,kristenxleanne.com
81532,kurobrand.com
81568,lacuisinettedelaurette.com
81625,larrycappetto.com
81633,lashdreams.com
81672,lawlessproduction.com
81709,learntojumprope.com
81809,liamdryden.com
81855,tw.lightningsoul.com
81928,little-fish-productions.com
82008,livinglimitlessly.com
82019,lo-straniero.com
82073,lookinfortrouble.com
82116,lovenjoyband.com
82139,lucasmullikin.com
82206,lyttonscott.com
82213,line.maahalai.com
82264,magicdover.com
82483,marybethpape.com
82545,mattguthmiller.com
82815,twitter.michaelshomes.com
82987,mixingwitheq.com
82994,mkpage.com
82995,mkrisbautista.com
83110,mosaicmindpictures.com
83291,mycafe101.com
83332,mylifeasavideogame.com
83362,myrealestatedojo.com
83526,neilholloman.com
83554,net3marketing.com
83645,nickgrinlinton.com
83671,nikanova.com
83675,nikodemmilewski.com
83729,twitter.no1mann.com
83756,norcalpm.com
83851,octavam.com
83982,openmindagile.com
84010,orlandodrummer.com
84118,padondevoypr.com
84371,phmintl.com
84447,pitchbackstudios.com
84557,pointtopoint-galerie.com
84592,porterhorses.com
84670,prisonlogic.com
84715,projektsik1.com
84738,shop.proteincakery.com
84859,queendeefitness.com
85092,tweet.reddragoninteractive.com
85123,reenimederos.com
85241,rhondalucero.com
85338,rlisafmjepara.com
85407,rockyoreilly.com
85415,rodinalper.com
85427,twitter.roeshamboe.com
85490,twitter.roulsen.com
85503,twitter.royaltrax.com
85757,schallboxrecords.com
85846,seedheadsmusic.com
85882,seniordiscountmusic.com
85951,twitter.sgush.com
85996,shaunbate.com
86228,siyliss.com
86264,chirurgical.skyblog.com
86360,twitter.smokersguide.com
86374,snarkworld.com
86429,solidrockgamers.com
86448,songsbury.com
86841,staasiadaniels.com
86846,stacyburkmusic.com
87083,stylelogix.com
87120,sultanchannel.com
87126,summonerscon.com
87188,superstarmarketingonline.com
87194,surgaev.com
87501,thaicream.com
87535,the16bitcouple.com
87580,thebrandenscott.com
87703,thefuturisticvintage.com
87761,thekingofthebees.com
87818,themonkeyboo.com
87843,thenurseeducator.com
88034,devenirbeatmaker.thinkific.com
88077,thorhammers.com
88081,9media.threadless.com
88084,lumi.threadless.com
88194,twitter.tobyseason.com
88481,3typen.tumblr.com
88485,5copy.tumblr.com
88493,aacpl.tumblr.com
88503,acidusagi.tumblr.com
88507,actualinumuta.tumblr.com
88514,aditeeart.tumblr.com
88518,aestheticcs.tumblr.com
88520,agendakota.tumblr.com
88525,akapost.tumblr.com
88537,alexwatt.tumblr.com
88580,animepilipinas.tumblr.com
88592,aquariumkids.tumblr.com
88599,artoftdj.tumblr.com
88627,ayumiiiable.tumblr.com
88631,baconshades.tumblr.com
88636,be-au-ti-ful-you.tumblr.com
88637,beaconstreetonline.tumblr.com
88643,becketmorgan.tumblr.com
88644,belghast.tumblr.com
88646,benjpierce.tumblr.com
88670,bmfmovement.tumblr.com
88671,bmxupb.tumblr.com
88677,brainfarto.tumblr.com
88678,brandonsornberger.tumblr.com
88691,bronydanceparty.tumblr.com
88695,buttoncollective.tumblr.com
88696,bvids.tumblr.com
88701,callumskelton.tumblr.com
88702,cambryh.tumblr.com
88703,camelsandfriends.tumblr.com
88735,cherbeat.tumblr.com
88740,chillinmaster.tumblr.com
88784,crashynews.tumblr.com
88787,critgames.tumblr.com
88797,cyrilthewolf.tumblr.com
88800,d-amagedangel.tumblr.com
88801,d-u-c.tumblr.com
88824,daviddorn2.tumblr.com
88837,defskii.tumblr.com
88839,deliciouscinnamon.tumblr.com
88842,deserteaglederek.tumblr.com
88843,desktoptumble.tumblr.com
88913,eelkat.tumblr.com
89002,freeviralads.tumblr.com
89010,funnynrandom.tumblr.com
89078,hannahshorty.tumblr.com
89091,hectorponce.tumblr.com
89099,heyamyjane.tumblr.com
89111,hissongspeakstome.tumblr.com
89117,honestwork.tumblr.com
89122,horocruxes.tumblr.com
89125,howdoisides.tumblr.com
89142,iamlazydev.tumblr.com
89143,iamsereiani.tumblr.com
89146,iamzachvalenti.tumblr.com
89152,igvmyslf1000pts.tumblr.com
89161,illegalcivilization.tumblr.com
89163,imchaimchen.tumblr.com
89164,imfallingfanfic.tumblr.com
89165,immaryjosie.tumblr.com
89167,indeedyinc.tumblr.com
89168,indigenousdestiny.tumblr.com
89184,isioma-o.tumblr.com
89187,itpuddle.tumblr.com
89199,izzyraebrown.tumblr.com
89205,jaifunnyname.tumblr.com
89209,jamiemakeup.tumblr.com
89210,janenoirr.tumblr.com
89218,jayng.tumblr.com
89229,jelloapocalypse.tumblr.com
89250,johnsonyip.tumblr.com
89258,joseph-lynch.tumblr.com
89266,jugglernorbi.tumblr.com
89273,juukuchi.tumblr.com
89275,k-uddles.tumblr.com
89290,katlangomez.tumblr.com
89296,kaysyconundrum.tumblr.com
89308,kentam.tumblr.com
89310,kerotamaftw.tumblr.com
89329,kolpingjugend.tumblr.com
89330,koolskull.tumblr.com
89335,krystlecruz.tumblr.com
89339,ktownnightmarket.tumblr.com
89345,kyssmyhair.tumblr.com
89357,latinaliceinwonderland.tumblr.com
89361,laurynamills.tumblr.com
89362,laxfilmroom.tumblr.com
89371,lehcarrose.tumblr.com
89382,lifeples.tumblr.com
89385,liisakee.tumblr.com
89404,littlejayney.tumblr.com
89405,liveactionfilms.tumblr.com
89411,lolrenaynay.tumblr.com
89435,lykw.tumblr.com
89436,macgizmoguy.tumblr.com
89439,maddingo.tumblr.com
89441,madlines.tumblr.com
89469,mary-desmond.tumblr.com
89477,maxpiantoni.tumblr.com
89482,maytepiragibe.tumblr.com
89492,meghanswarbrick.tumblr.com
89494,melodubs.tumblr.com
89497,metheband.tumblr.com
89501,michaelsimeon.tumblr.com
89504,michelleakj.tumblr.com
89505,michelleaneoous.tumblr.com
89517,millionspacelove.tumblr.com
89521,mingi-multifandom.tumblr.com
89525,mischabut.tumblr.com
89531,missmisthallery.tumblr.com
89534,missvespera.tumblr.com
89558,motwera.tumblr.com
89567,murielboom.tumblr.com
89569,musicalbethan.tumblr.com
89575,mutebanana.tumblr.com
89576,muzicking.tumblr.com
89604,naven.tumblr.com
89606,neekko.tumblr.com
89613,neverrightnow.tumblr.com
89617,next12exits.tumblr.com
89634,nmpbs.tumblr.com
89641,norights.tumblr.com
89644,nsputnik.tumblr.com
89648,obeyants.tumblr.com
89651,officialaha.tumblr.com
89657,ohyeahmic.tumblr.com
89682,oxlisalouxo.tumblr.com
89686,paleycenter.tumblr.com
89688,panpizzaart.tumblr.com
89706,peebeeshelley.tumblr.com
89715,pianoxamerica.tumblr.com
89716,piinksparkles.tumblr.com
89730,ponyridecomedy.tumblr.com
89742,prettylittlelovemua.tumblr.com
89743,prettylittlephotoblog.tumblr.com
89751,pscoldfire.tumblr.com
89755,pulserarojasesp.tumblr.com
89757,purepjur.tumblr.com
89759,purplethinkin.tumblr.com
89762,qu33ney.tumblr.com
89772,randomprodinc.tumblr.com
89783,rebeccashoresmua.tumblr.com
89790,remuslab.tumblr.com
89798,revxdev.tumblr.com
89810,ritchandfamous.tumblr.com
89817,robynhoody.tumblr.com
89826,rosaenhjorning.tumblr.com
89830,royist.tumblr.com
89837,ryanngalaspoems.tumblr.com
89839,ryuutsu.tumblr.com
89841,s4mmie.tumblr.com
89844,sabresicenetwork.tumblr.com
89855,sangerine.tumblr.com
89856,sapphiewiparts.tumblr.com
89857,sara-crawford.tumblr.com
89863,satrein.tumblr.com
89866,scaramellac.tumblr.com
89867,scarlettgypsyband.tumblr.com
89919,sm-creations.tumblr.com
89949,spokenreasonstv.tumblr.com
89951,sprayground.tumblr.com
89968,stephenrogerpowers.tumblr.com
89971,stevraybro.tumblr.com
89975,straightriffin.tumblr.com
89978,studiocatch.tumblr.com
89980,studybrisbane.tumblr.com
89987,summertimesend.tumblr.com
89999,swetiegirl.tumblr.com
90008,tamtu-tumbles-on.tumblr.com
90015,tcg-box.tumblr.com
90037,theatheistvoice.tumblr.com
90044,thedailyguru.tumblr.com
90049,theexostyle.tumblr.com
90050,theflama.tumblr.com
90052,thefrostedfricks.tumblr.com
90058,theglobalgirl.tumblr.com
90059,thegourmetconfession.tumblr.com
90061,thehappyspaceman.tumblr.com
90068,thekrissychula.tumblr.com
90073,themannatease.tumblr.com
90080,theolms.tumblr.com
90089,thero4ch.tumblr.com
90100,thesundayjump.tumblr.com
90119,thunderhumor.tumblr.com
90124,tiivik.tumblr.com
90128,tiny-little-space-dorito.tumblr.com
90152,treasurextrove.tumblr.com
90153,trevormoran.tumblr.com
90154,treymichaels.tumblr.com
90158,truenorthstyle.tumblr.com
90164,turborilla.tumblr.com
90176,ultimatekorra.tumblr.com
90181,unicornfarm.tumblr.com
90183,uniformcritics.tumblr.com
90189,usachii.tumblr.com
90193,uvmagazine.tumblr.com
90199,veerideas.tumblr.com
90204,verabambi.tumblr.com
90214,videogamebookclub.tumblr.com
90223,vocabularioingles.tumblr.com
90241,wearefoals.tumblr.com
90245,wednesdayaleen.tumblr.com
90246,wedontgiveafrak.tumblr.com
90252,wesleyignacio.tumblr.com
90256,wheresmychallenge.tumblr.com
90258,whoisadamlerner.tumblr.com
90262,winechronicles.tumblr.com
90264,woahtxler.tumblr.com
90267,wonderful-sophia-bush.tumblr.com
90271,worldofmma.tumblr.com
90273,wtsupport.tumblr.com
90283,xpunxxx.tumblr.com
90285,xt3dotcom.tumblr.com
90288,xxmitikasanaxx.tumblr.com
90296,yelliedraws.tumblr.com
90299,youradl.tumblr.com
90304,yvz38.tumblr.com
90325,tunasakar.com
90490,unitmediagroup.com
90495,universousb.com
90596,vassiligemini.com
90888,retail.water-decor.com
91111,danielcking.weebly.com
91277,weisstuts.com
91288,welovedonkeys.com
91337,whatyulove.com
91417,windowtothemind.com
91572,wmusicproductions.com
91603,wordplaytjay.com
91621,anahisantos.wordpress.com
91952,thelovelyluck.wordpress.com
92140,xr3d.com
92365,zodanddrea.com
92421,nejfake.blogspot.cz
92509,twitter.0pan.de
92625,bewegnungen.blogspot.de
92658,brettkollegen.de
92854,twitter.e2world.de
92856,editionmeister.de
92886,twitter.epicstun.de
92938,twitter.flexxxlp.de
92942,twitter.flip-gaming.de
92987,gemeinschaft-chara.de
92996,twitter.ghostyt.de
93109,jandjproduction.de
93123,twitter.jbvgaming.de
93144,difh.jubehemelingen.de
93154,k4zz.de
93215,twitter.letsphil.de
93298,twitter.meine-zoe.de
93326,mix-dur.de
93397,nordrheintvplay.de
93417,twitter.oneleftbehind.de
93444,twitter.patheria.de
93455,pfadfinder-bad-homburg.de
93495,rainbowsix.de
93585,schmandi.de
93603,twitter.sevengamer.de
93636,twitter.sliders-dimension.de
93655,twitter.soundandplay.de
93725,twitter.tech-impact.de
93731,twitter.tech-port.de
93867,whitecast.de
93931,twitter-star.youshi.de
93932,twitter-thekekevv.youshi.de
93955,twitter.zockerdudes.de
93965,oxenfree.design
94126,drajesp.blogspot.com.es
94153,veroalwaysforyou.blogspot.com.es
94240,nessibenarroch.es
94363,franklange.eu
94372,twitter.gotagx.eu
94389,twitter.julianr.eu
94588,clementlanot.fr
94620,twitter.fireteam.fr
94770,materia.fyi
94787,twitter.anomaly.gd
94835,basketikos.gr
94858,magikokopidi.gr
94863,odeonstore.gr
94875,saturdaymorning.group
95006,alvinphotography.co.id
95535,twitter.wams.io
95600,yondaapk4you.blogspot.it
95637,twitter.djgi.it
95740,playsys.it
95782,twitter.surio.it
95835,famistamo.bxd.co.jp
96078,humanimal.london
96401,rexona.com.mx
96494,adsmanagerpro.net
96496,advexon.net
96543,asian-adventure.net
96602,brucegil.net
96665,corosuke.net
96716,twitter.devolutions.net
96753,twitter.drwolfsherz.net
96821,florenciocruz.net
96871,twitter.gatheringgeeks.net
96902,twitter.h4ns.net
96936,humankitten.net
97002,kennymeyer.net
97285,bambusaci.rajce.net
97326,rootfilm.net
97366,segnaliditrading.net
97578,wiki.vgcw.net
97610,twitter.weedbirdhd.net
97628,xenfinity.net
97666,brsoxmasfan.co.nf
97675,tweet.algus.ninja
97695,artcamptytsjerk.nl
97728,btc-update.nl
97805,wend-y.hyves.nl
97816,julianthomas.nl
97860,natalievijfhuizen.nl
97909,stuktvshop.nl
97937,vrlx.nl
98015,endofterm.printmighty.co.nz
98404,iamlovecampaign.org
98648,rfmv.org
98665,saitv.org
98809,umitates.org
98882,twitter.pachaclub.paris
99058,kadotv.pl
99063,karuzelawrzesnia.pl
99156,wieczoryuwielbienia.rzeszow.pl
99212,opinion.pm
99312,personalmusica.com.py
99389,virtualteam.ro
99791,blog.ui-miit.ru
99861,bojohnson.se
